{
  "rc": 0,
  "rt": 4,
  "svr": 2887256420,
  "lt": 1,
  "full": 1,
  "data": {
    "f43": 10.08,
    "f44": 10.08,
    "f45": 8.65,
    "f46": 9.16,
    "f47": 222900,
    "f48": 214249452.0,
    "f49": 104119,
    "f50": 2.59,
    "f51": 10.08,
    "f52": 8.24,
    "f55": -0.027098378,
    "f57": "603963",
    "f58": "大理药业",
    "f60": 9.16,
    "f62": 3,
    "f71": 9.61,
    "f78": 0,
    "f80": "[{\"b\":202203040930,\"e\":202203041130},{\"b\":202203041300,\"e\":202203041500}]",
    "f84": 219700000.0,
    "f85": 219700000.0,
    "f86": 1646380797,
    "f92": 2.0700726,
    "f104": 180687636.26,
    "f105": -5953513.66,
    "f107": 1,
    "f110": 1,
    "f111": 2,
    "f116": 2214576000.0,
    "f117": 2214576000.0,
    "f127": "中药",
    "f128": "云南板块",
    "f135": 76349139.0,
    "f136": 43234667.0,
    "f137": 33114472.0,
    "f138": 25146869.0,
    "f139": 7731655.0,
    "f140": 17415214.0,
    "f141": 51202270.0,
    "f142": 35503012.0,
    "f143": 15699258.0,
    "f144": 62963754.0,
    "f145": 77357020.0,
    "f146": -14393266.0,
    "f147": 69916866.0,
    "f148": 88638072.0,
    "f149": -18721206.0,
    "f161": 118782,
    "f162": -278.98,
    "f163": 685.27,
    "f164": -293.05,
    "f167": 4.87,
    "f168": 10.15,
    "f169": 0.92,
    "f170": 10.04,
    "f173": -1.28,
    "f177": 1,
    "f183": 129143153.72,
    "f184": -20.3011782274,
    "f185": -223.129181606374,
    "f186": 75.1801182202,
    "f187": -4.6100110525,
    "f188": 19.8662996736,
    "f189": 20170922,
    "f190": 0.385192709513,
    "f191": 100.0,
    "f192": 14556,
    "f193": 15.46,
    "f194": 8.13,
    "f195": 7.33,
    "f196": -6.72,
    "f197": -8.74,
    "f199": 90,
    "f250": "-",
    "f251": "-",
    "f252": "-",
    "f253": "-",
    "f254": "-",
    "f255": 0,
    "f256": "-",
    "f257": 0,
    "f258": "-",
    "f262": "-",
    "f263": 0,
    "f264": "-",
    "f266": "-",
    "f267": "-",
    "f268": "-",
    "f269": "-",
    "f270": 0,
    "f271": "-",
    "f273": "-",
    "f274": "-",
    "f275": "-",
    "f280": "-",
    "f281": "-",
    "f282": "-",
    "f284": 0,
    "f285": "-",
    "f286": 0,
    "f287": "-",
    "f292": 5,
    "f31": "-",
    "f32": "-",
    "f33": "-",
    "f34": "-",
    "f35": "-",
    "f36": "-",
    "f37": "-",
    "f38": "-",
    "f39": "-",
    "f40": "-",
    "f19": 10.08,
    "f20": 14438,
    "f17": 10.07,
    "f18": 4,
    "f15": 10.06,
    "f16": 38,
    "f13": 10.05,
    "f14": 73,
    "f11": 10.04,
    "f12": 3
  }
}